Car Name,Car Status,Price,Check it out here
2019 BMW X5 xDrive40i,Used,"$29,000",https://www.cars.com//vehicledetail/40b9ad21-19b2-4c50-a897-dcf644de9f70/
2024 Chevrolet Trailblazer LT,New,"$26,605",https://www.cars.com//vehicledetail/33778fe1-1a00-42bc-a870-091784aebcd0/
2024 Chevrolet Trailblazer LT,New,"$28,695",https://www.cars.com//vehicledetail/b0e6a91d-65da-4c28-a4b9-c5a27707b6cd/
2024 Chevrolet Trailblazer ACTIV,New,"$31,700",https://www.cars.com//vehicledetail/21e91af8-966a-400d-a2f9-98f8e6028204/
2024 Chevrolet Trailblazer ACTIV,New,"$31,700",https://www.cars.com//vehicledetail/6c4bb5bd-ef14-4ab8-ab8f-d49004e0d4e3/
2024 Chevrolet Trailblazer RS,New,"$29,010",https://www.cars.com//vehicledetail/15b7d9fa-f6b1-49b6-bef1-3c17cc972d20/
2024 GMC Canyon AT4X,New,"$57,890",https://www.cars.com//vehicledetail/4cb4b390-1cff-494a-94a6-d5da023f53ee/
2014 Chevrolet Suburban 1500 LT,Used,"$14,500",https://www.cars.com//vehicledetail/87e575eb-25b9-4c2c-94b7-a8ba4933137d/
2024 Chevrolet Trailblazer ACTIV,New,"$29,010",https://www.cars.com//vehicledetail/ec20af11-5cae-44f1-be03-3fb43bb0fd52/
2023 Chevrolet Suburban Premier,Used,"$59,995",https://www.cars.com//vehicledetail/690e5e5a-eb3b-4830-85af-fabe5ebb8d0c/
2024 Chevrolet Blazer 2LT,New,"$40,720",https://www.cars.com//vehicledetail/daea4288-da2e-47df-9a99-3c13b9e11b6a/
2024 GMC Terrain SLT,New,"$41,555",https://www.cars.com//vehicledetail/97096e8b-2b90-4291-870d-4c1c22d8486b/
2024 GMC Terrain AT4,New,"$39,765",https://www.cars.com//vehicledetail/1068a284-32e7-4b78-9053-51f640b4161f/
2024 GMC Terrain SLT,New,"$39,865",https://www.cars.com//vehicledetail/be8fdbc7-5f44-4716-80ab-5c48dc7cc0b7/
2024 GMC HUMMER EV 3X,New,"$111,290",https://www.cars.com//vehicledetail/0b861c2a-4bfa-4396-b48b-bd87eb31d08e/
2022 Chrysler Pacifica Touring-L,Used,"$27,987",https://www.cars.com//vehicledetail/a33fc8d9-9e3d-40b7-a4c9-3188fbe7ea72/
2023 Ford Mustang Mach-E GT,New,Not Priced,https://www.cars.com//vehicledetail/c76cb060-bdd4-4537-8ee1-fad0d39fc6e6/
2021 BMW 530 i,Used,"$32,987",https://www.cars.com//vehicledetail/e0347907-ba63-42ff-a5b7-1ac5b8a7e8ef/
2023 Chevrolet Trailblazer RS,Used,"$27,987",https://www.cars.com//vehicledetail/27fecf91-0299-4df4-a65f-30a5c60e95ee/
2001 Dodge Dakota SLT,Used,"$15,000",https://www.cars.com//vehicledetail/ecf42bac-ad78-4f9a-9b59-d608dc6e4608/
2019 BMW X5 xDrive40i,Used,"$29,000",https://www.cars.com//vehicledetail/40b9ad21-19b2-4c50-a897-dcf644de9f70/
2024 Chevrolet Trailblazer LT,New,"$26,605",https://www.cars.com//vehicledetail/33778fe1-1a00-42bc-a870-091784aebcd0/
2024 Chevrolet Trailblazer LT,New,"$28,695",https://www.cars.com//vehicledetail/b0e6a91d-65da-4c28-a4b9-c5a27707b6cd/
2024 Chevrolet Trailblazer ACTIV,New,"$31,700",https://www.cars.com//vehicledetail/21e91af8-966a-400d-a2f9-98f8e6028204/
2024 Chevrolet Trailblazer ACTIV,New,"$31,700",https://www.cars.com//vehicledetail/6c4bb5bd-ef14-4ab8-ab8f-d49004e0d4e3/
2024 Chevrolet Trailblazer RS,New,"$29,010",https://www.cars.com//vehicledetail/15b7d9fa-f6b1-49b6-bef1-3c17cc972d20/
2024 GMC Canyon AT4X,New,"$57,890",https://www.cars.com//vehicledetail/4cb4b390-1cff-494a-94a6-d5da023f53ee/
2014 Chevrolet Suburban 1500 LT,Used,"$14,500",https://www.cars.com//vehicledetail/87e575eb-25b9-4c2c-94b7-a8ba4933137d/
2024 Chevrolet Trailblazer ACTIV,New,"$29,010",https://www.cars.com//vehicledetail/ec20af11-5cae-44f1-be03-3fb43bb0fd52/
2023 Chevrolet Suburban Premier,Used,"$59,995",https://www.cars.com//vehicledetail/690e5e5a-eb3b-4830-85af-fabe5ebb8d0c/
2024 Chevrolet Blazer 2LT,New,"$40,720",https://www.cars.com//vehicledetail/daea4288-da2e-47df-9a99-3c13b9e11b6a/
2024 GMC Terrain SLT,New,"$41,555",https://www.cars.com//vehicledetail/97096e8b-2b90-4291-870d-4c1c22d8486b/
2024 GMC Terrain AT4,New,"$39,765",https://www.cars.com//vehicledetail/1068a284-32e7-4b78-9053-51f640b4161f/
2024 GMC Terrain SLT,New,"$39,865",https://www.cars.com//vehicledetail/be8fdbc7-5f44-4716-80ab-5c48dc7cc0b7/
2024 GMC HUMMER EV 3X,New,"$111,290",https://www.cars.com//vehicledetail/0b861c2a-4bfa-4396-b48b-bd87eb31d08e/
2022 Chrysler Pacifica Touring-L,Used,"$27,987",https://www.cars.com//vehicledetail/a33fc8d9-9e3d-40b7-a4c9-3188fbe7ea72/
2023 Ford Mustang Mach-E GT,New,Not Priced,https://www.cars.com//vehicledetail/c76cb060-bdd4-4537-8ee1-fad0d39fc6e6/
2021 BMW 530 i,Used,"$32,987",https://www.cars.com//vehicledetail/e0347907-ba63-42ff-a5b7-1ac5b8a7e8ef/
2023 Chevrolet Trailblazer RS,Used,"$27,987",https://www.cars.com//vehicledetail/27fecf91-0299-4df4-a65f-30a5c60e95ee/
2001 Dodge Dakota SLT,Used,"$15,000",https://www.cars.com//vehicledetail/ecf42bac-ad78-4f9a-9b59-d608dc6e4608/
2019 BMW X5 xDrive40i,Used,"$29,000",https://www.cars.com//vehicledetail/40b9ad21-19b2-4c50-a897-dcf644de9f70/
2024 Chevrolet Trailblazer LT,New,"$26,605",https://www.cars.com//vehicledetail/33778fe1-1a00-42bc-a870-091784aebcd0/
2024 Chevrolet Trailblazer LT,New,"$28,695",https://www.cars.com//vehicledetail/b0e6a91d-65da-4c28-a4b9-c5a27707b6cd/
2024 Chevrolet Trailblazer ACTIV,New,"$31,700",https://www.cars.com//vehicledetail/21e91af8-966a-400d-a2f9-98f8e6028204/
2024 Chevrolet Trailblazer ACTIV,New,"$31,700",https://www.cars.com//vehicledetail/6c4bb5bd-ef14-4ab8-ab8f-d49004e0d4e3/
2024 Chevrolet Trailblazer RS,New,"$29,010",https://www.cars.com//vehicledetail/15b7d9fa-f6b1-49b6-bef1-3c17cc972d20/
2024 GMC Canyon AT4X,New,"$57,890",https://www.cars.com//vehicledetail/4cb4b390-1cff-494a-94a6-d5da023f53ee/
2014 Chevrolet Suburban 1500 LT,Used,"$14,500",https://www.cars.com//vehicledetail/87e575eb-25b9-4c2c-94b7-a8ba4933137d/
2024 Chevrolet Trailblazer ACTIV,New,"$29,010",https://www.cars.com//vehicledetail/ec20af11-5cae-44f1-be03-3fb43bb0fd52/
2023 Chevrolet Suburban Premier,Used,"$59,995",https://www.cars.com//vehicledetail/690e5e5a-eb3b-4830-85af-fabe5ebb8d0c/
2024 Chevrolet Blazer 2LT,New,"$40,720",https://www.cars.com//vehicledetail/daea4288-da2e-47df-9a99-3c13b9e11b6a/
2024 GMC Terrain SLT,New,"$41,555",https://www.cars.com//vehicledetail/97096e8b-2b90-4291-870d-4c1c22d8486b/
2024 GMC Terrain AT4,New,"$39,765",https://www.cars.com//vehicledetail/1068a284-32e7-4b78-9053-51f640b4161f/
2024 GMC Terrain SLT,New,"$39,865",https://www.cars.com//vehicledetail/be8fdbc7-5f44-4716-80ab-5c48dc7cc0b7/
2024 GMC HUMMER EV 3X,New,"$111,290",https://www.cars.com//vehicledetail/0b861c2a-4bfa-4396-b48b-bd87eb31d08e/
2022 Chrysler Pacifica Touring-L,Used,"$27,987",https://www.cars.com//vehicledetail/a33fc8d9-9e3d-40b7-a4c9-3188fbe7ea72/
2023 Ford Mustang Mach-E GT,New,Not Priced,https://www.cars.com//vehicledetail/c76cb060-bdd4-4537-8ee1-fad0d39fc6e6/
2021 BMW 530 i,Used,"$32,987",https://www.cars.com//vehicledetail/e0347907-ba63-42ff-a5b7-1ac5b8a7e8ef/
2023 Chevrolet Trailblazer RS,Used,"$27,987",https://www.cars.com//vehicledetail/27fecf91-0299-4df4-a65f-30a5c60e95ee/
2001 Dodge Dakota SLT,Used,"$15,000",https://www.cars.com//vehicledetail/ecf42bac-ad78-4f9a-9b59-d608dc6e4608/
2019 BMW X5 xDrive40i,Used,"$29,000",https://www.cars.com//vehicledetail/40b9ad21-19b2-4c50-a897-dcf644de9f70/
2024 Chevrolet Trailblazer LT,New,"$26,605",https://www.cars.com//vehicledetail/33778fe1-1a00-42bc-a870-091784aebcd0/
2024 Chevrolet Trailblazer LT,New,"$28,695",https://www.cars.com//vehicledetail/b0e6a91d-65da-4c28-a4b9-c5a27707b6cd/
2024 Chevrolet Trailblazer ACTIV,New,"$31,700",https://www.cars.com//vehicledetail/21e91af8-966a-400d-a2f9-98f8e6028204/
2024 Chevrolet Trailblazer ACTIV,New,"$31,700",https://www.cars.com//vehicledetail/6c4bb5bd-ef14-4ab8-ab8f-d49004e0d4e3/
2024 Chevrolet Trailblazer RS,New,"$29,010",https://www.cars.com//vehicledetail/15b7d9fa-f6b1-49b6-bef1-3c17cc972d20/
2024 GMC Canyon AT4X,New,"$57,890",https://www.cars.com//vehicledetail/4cb4b390-1cff-494a-94a6-d5da023f53ee/
2014 Chevrolet Suburban 1500 LT,Used,"$14,500",https://www.cars.com//vehicledetail/87e575eb-25b9-4c2c-94b7-a8ba4933137d/
2024 Chevrolet Trailblazer ACTIV,New,"$29,010",https://www.cars.com//vehicledetail/ec20af11-5cae-44f1-be03-3fb43bb0fd52/
2023 Chevrolet Suburban Premier,Used,"$59,995",https://www.cars.com//vehicledetail/690e5e5a-eb3b-4830-85af-fabe5ebb8d0c/
2024 Chevrolet Blazer 2LT,New,"$40,720",https://www.cars.com//vehicledetail/daea4288-da2e-47df-9a99-3c13b9e11b6a/
2024 GMC Terrain SLT,New,"$41,555",https://www.cars.com//vehicledetail/97096e8b-2b90-4291-870d-4c1c22d8486b/
2024 GMC Terrain AT4,New,"$39,765",https://www.cars.com//vehicledetail/1068a284-32e7-4b78-9053-51f640b4161f/
2024 GMC Terrain SLT,New,"$39,865",https://www.cars.com//vehicledetail/be8fdbc7-5f44-4716-80ab-5c48dc7cc0b7/
2024 GMC HUMMER EV 3X,New,"$111,290",https://www.cars.com//vehicledetail/0b861c2a-4bfa-4396-b48b-bd87eb31d08e/
2022 Chrysler Pacifica Touring-L,Used,"$27,987",https://www.cars.com//vehicledetail/a33fc8d9-9e3d-40b7-a4c9-3188fbe7ea72/
2023 Ford Mustang Mach-E GT,New,Not Priced,https://www.cars.com//vehicledetail/c76cb060-bdd4-4537-8ee1-fad0d39fc6e6/
2021 BMW 530 i,Used,"$32,987",https://www.cars.com//vehicledetail/e0347907-ba63-42ff-a5b7-1ac5b8a7e8ef/
2023 Chevrolet Trailblazer RS,Used,"$27,987",https://www.cars.com//vehicledetail/27fecf91-0299-4df4-a65f-30a5c60e95ee/
2001 Dodge Dakota SLT,Used,"$15,000",https://www.cars.com//vehicledetail/ecf42bac-ad78-4f9a-9b59-d608dc6e4608/
2019 BMW X5 xDrive40i,Used,"$29,000",https://www.cars.com//vehicledetail/40b9ad21-19b2-4c50-a897-dcf644de9f70/
2024 Chevrolet Trailblazer LT,New,"$26,605",https://www.cars.com//vehicledetail/33778fe1-1a00-42bc-a870-091784aebcd0/
2024 Chevrolet Trailblazer LT,New,"$28,695",https://www.cars.com//vehicledetail/b0e6a91d-65da-4c28-a4b9-c5a27707b6cd/
2024 Chevrolet Trailblazer ACTIV,New,"$31,700",https://www.cars.com//vehicledetail/21e91af8-966a-400d-a2f9-98f8e6028204/
2024 Chevrolet Trailblazer ACTIV,New,"$31,700",https://www.cars.com//vehicledetail/6c4bb5bd-ef14-4ab8-ab8f-d49004e0d4e3/
2024 Chevrolet Trailblazer RS,New,"$29,010",https://www.cars.com//vehicledetail/15b7d9fa-f6b1-49b6-bef1-3c17cc972d20/
2024 GMC Canyon AT4X,New,"$57,890",https://www.cars.com//vehicledetail/4cb4b390-1cff-494a-94a6-d5da023f53ee/
2014 Chevrolet Suburban 1500 LT,Used,"$14,500",https://www.cars.com//vehicledetail/87e575eb-25b9-4c2c-94b7-a8ba4933137d/
2024 Chevrolet Trailblazer ACTIV,New,"$29,010",https://www.cars.com//vehicledetail/ec20af11-5cae-44f1-be03-3fb43bb0fd52/
2023 Chevrolet Suburban Premier,Used,"$59,995",https://www.cars.com//vehicledetail/690e5e5a-eb3b-4830-85af-fabe5ebb8d0c/
2024 Chevrolet Blazer 2LT,New,"$40,720",https://www.cars.com//vehicledetail/daea4288-da2e-47df-9a99-3c13b9e11b6a/
2024 GMC Terrain SLT,New,"$41,555",https://www.cars.com//vehicledetail/97096e8b-2b90-4291-870d-4c1c22d8486b/
2024 GMC Terrain AT4,New,"$39,765",https://www.cars.com//vehicledetail/1068a284-32e7-4b78-9053-51f640b4161f/
2024 GMC Terrain SLT,New,"$39,865",https://www.cars.com//vehicledetail/be8fdbc7-5f44-4716-80ab-5c48dc7cc0b7/
2024 GMC HUMMER EV 3X,New,"$111,290",https://www.cars.com//vehicledetail/0b861c2a-4bfa-4396-b48b-bd87eb31d08e/
2022 Chrysler Pacifica Touring-L,Used,"$27,987",https://www.cars.com//vehicledetail/a33fc8d9-9e3d-40b7-a4c9-3188fbe7ea72/
2023 Ford Mustang Mach-E GT,New,Not Priced,https://www.cars.com//vehicledetail/c76cb060-bdd4-4537-8ee1-fad0d39fc6e6/
2021 BMW 530 i,Used,"$32,987",https://www.cars.com//vehicledetail/e0347907-ba63-42ff-a5b7-1ac5b8a7e8ef/
2023 Chevrolet Trailblazer RS,Used,"$27,987",https://www.cars.com//vehicledetail/27fecf91-0299-4df4-a65f-30a5c60e95ee/
2001 Dodge Dakota SLT,Used,"$15,000",https://www.cars.com//vehicledetail/ecf42bac-ad78-4f9a-9b59-d608dc6e4608/
2019 BMW X5 xDrive40i,Used,"$29,000",https://www.cars.com//vehicledetail/40b9ad21-19b2-4c50-a897-dcf644de9f70/
2024 Chevrolet Trailblazer LT,New,"$26,605",https://www.cars.com//vehicledetail/33778fe1-1a00-42bc-a870-091784aebcd0/
2024 Chevrolet Trailblazer LT,New,"$28,695",https://www.cars.com//vehicledetail/b0e6a91d-65da-4c28-a4b9-c5a27707b6cd/
2024 Chevrolet Trailblazer ACTIV,New,"$31,700",https://www.cars.com//vehicledetail/21e91af8-966a-400d-a2f9-98f8e6028204/
2024 Chevrolet Trailblazer ACTIV,New,"$31,700",https://www.cars.com//vehicledetail/6c4bb5bd-ef14-4ab8-ab8f-d49004e0d4e3/
2024 Chevrolet Trailblazer RS,New,"$29,010",https://www.cars.com//vehicledetail/15b7d9fa-f6b1-49b6-bef1-3c17cc972d20/
2024 GMC Canyon AT4X,New,"$57,890",https://www.cars.com//vehicledetail/4cb4b390-1cff-494a-94a6-d5da023f53ee/
2014 Chevrolet Suburban 1500 LT,Used,"$14,500",https://www.cars.com//vehicledetail/87e575eb-25b9-4c2c-94b7-a8ba4933137d/
2024 Chevrolet Trailblazer ACTIV,New,"$29,010",https://www.cars.com//vehicledetail/ec20af11-5cae-44f1-be03-3fb43bb0fd52/
2023 Chevrolet Suburban Premier,Used,"$59,995",https://www.cars.com//vehicledetail/690e5e5a-eb3b-4830-85af-fabe5ebb8d0c/
2024 Chevrolet Blazer 2LT,New,"$40,720",https://www.cars.com//vehicledetail/daea4288-da2e-47df-9a99-3c13b9e11b6a/
2024 GMC Terrain SLT,New,"$41,555",https://www.cars.com//vehicledetail/97096e8b-2b90-4291-870d-4c1c22d8486b/
2024 GMC Terrain AT4,New,"$39,765",https://www.cars.com//vehicledetail/1068a284-32e7-4b78-9053-51f640b4161f/
2024 GMC Terrain SLT,New,"$39,865",https://www.cars.com//vehicledetail/be8fdbc7-5f44-4716-80ab-5c48dc7cc0b7/
2024 GMC HUMMER EV 3X,New,"$111,290",https://www.cars.com//vehicledetail/0b861c2a-4bfa-4396-b48b-bd87eb31d08e/
2022 Chrysler Pacifica Touring-L,Used,"$27,987",https://www.cars.com//vehicledetail/a33fc8d9-9e3d-40b7-a4c9-3188fbe7ea72/
2023 Ford Mustang Mach-E GT,New,Not Priced,https://www.cars.com//vehicledetail/c76cb060-bdd4-4537-8ee1-fad0d39fc6e6/
2021 BMW 530 i,Used,"$32,987",https://www.cars.com//vehicledetail/e0347907-ba63-42ff-a5b7-1ac5b8a7e8ef/
2023 Chevrolet Trailblazer RS,Used,"$27,987",https://www.cars.com//vehicledetail/27fecf91-0299-4df4-a65f-30a5c60e95ee/
2001 Dodge Dakota SLT,Used,"$15,000",https://www.cars.com//vehicledetail/ecf42bac-ad78-4f9a-9b59-d608dc6e4608/
2019 BMW X5 xDrive40i,Used,"$29,000",https://www.cars.com//vehicledetail/40b9ad21-19b2-4c50-a897-dcf644de9f70/
2024 Chevrolet Trailblazer LT,New,"$26,605",https://www.cars.com//vehicledetail/33778fe1-1a00-42bc-a870-091784aebcd0/
2024 Chevrolet Trailblazer LT,New,"$28,695",https://www.cars.com//vehicledetail/b0e6a91d-65da-4c28-a4b9-c5a27707b6cd/
2024 Chevrolet Trailblazer ACTIV,New,"$31,700",https://www.cars.com//vehicledetail/21e91af8-966a-400d-a2f9-98f8e6028204/
2024 Chevrolet Trailblazer ACTIV,New,"$31,700",https://www.cars.com//vehicledetail/6c4bb5bd-ef14-4ab8-ab8f-d49004e0d4e3/
2024 Chevrolet Trailblazer RS,New,"$29,010",https://www.cars.com//vehicledetail/15b7d9fa-f6b1-49b6-bef1-3c17cc972d20/
2024 GMC Canyon AT4X,New,"$57,890",https://www.cars.com//vehicledetail/4cb4b390-1cff-494a-94a6-d5da023f53ee/
2014 Chevrolet Suburban 1500 LT,Used,"$14,500",https://www.cars.com//vehicledetail/87e575eb-25b9-4c2c-94b7-a8ba4933137d/
2024 Chevrolet Trailblazer ACTIV,New,"$29,010",https://www.cars.com//vehicledetail/ec20af11-5cae-44f1-be03-3fb43bb0fd52/
2023 Chevrolet Suburban Premier,Used,"$59,995",https://www.cars.com//vehicledetail/690e5e5a-eb3b-4830-85af-fabe5ebb8d0c/
2024 Chevrolet Blazer 2LT,New,"$40,720",https://www.cars.com//vehicledetail/daea4288-da2e-47df-9a99-3c13b9e11b6a/
2024 GMC Terrain SLT,New,"$41,555",https://www.cars.com//vehicledetail/97096e8b-2b90-4291-870d-4c1c22d8486b/
2024 GMC Terrain AT4,New,"$39,765",https://www.cars.com//vehicledetail/1068a284-32e7-4b78-9053-51f640b4161f/
2024 GMC Terrain SLT,New,"$39,865",https://www.cars.com//vehicledetail/be8fdbc7-5f44-4716-80ab-5c48dc7cc0b7/
2024 GMC HUMMER EV 3X,New,"$111,290",https://www.cars.com//vehicledetail/0b861c2a-4bfa-4396-b48b-bd87eb31d08e/
2022 Chrysler Pacifica Touring-L,Used,"$27,987",https://www.cars.com//vehicledetail/a33fc8d9-9e3d-40b7-a4c9-3188fbe7ea72/
2023 Ford Mustang Mach-E GT,New,Not Priced,https://www.cars.com//vehicledetail/c76cb060-bdd4-4537-8ee1-fad0d39fc6e6/
2021 BMW 530 i,Used,"$32,987",https://www.cars.com//vehicledetail/e0347907-ba63-42ff-a5b7-1ac5b8a7e8ef/
2023 Chevrolet Trailblazer RS,Used,"$27,987",https://www.cars.com//vehicledetail/27fecf91-0299-4df4-a65f-30a5c60e95ee/
2001 Dodge Dakota SLT,Used,"$15,000",https://www.cars.com//vehicledetail/ecf42bac-ad78-4f9a-9b59-d608dc6e4608/
2019 BMW X5 xDrive40i,Used,"$29,000",https://www.cars.com//vehicledetail/40b9ad21-19b2-4c50-a897-dcf644de9f70/
2024 Chevrolet Trailblazer LT,New,"$26,605",https://www.cars.com//vehicledetail/33778fe1-1a00-42bc-a870-091784aebcd0/
2024 Chevrolet Trailblazer LT,New,"$28,695",https://www.cars.com//vehicledetail/b0e6a91d-65da-4c28-a4b9-c5a27707b6cd/
2024 Chevrolet Trailblazer ACTIV,New,"$31,700",https://www.cars.com//vehicledetail/21e91af8-966a-400d-a2f9-98f8e6028204/
2024 Chevrolet Trailblazer ACTIV,New,"$31,700",https://www.cars.com//vehicledetail/6c4bb5bd-ef14-4ab8-ab8f-d49004e0d4e3/
2024 Chevrolet Trailblazer RS,New,"$29,010",https://www.cars.com//vehicledetail/15b7d9fa-f6b1-49b6-bef1-3c17cc972d20/
2024 GMC Canyon AT4X,New,"$57,890",https://www.cars.com//vehicledetail/4cb4b390-1cff-494a-94a6-d5da023f53ee/
2014 Chevrolet Suburban 1500 LT,Used,"$14,500",https://www.cars.com//vehicledetail/87e575eb-25b9-4c2c-94b7-a8ba4933137d/
2024 Chevrolet Trailblazer ACTIV,New,"$29,010",https://www.cars.com//vehicledetail/ec20af11-5cae-44f1-be03-3fb43bb0fd52/
2023 Chevrolet Suburban Premier,Used,"$59,995",https://www.cars.com//vehicledetail/690e5e5a-eb3b-4830-85af-fabe5ebb8d0c/
2024 Chevrolet Blazer 2LT,New,"$40,720",https://www.cars.com//vehicledetail/daea4288-da2e-47df-9a99-3c13b9e11b6a/
2024 GMC Terrain SLT,New,"$41,555",https://www.cars.com//vehicledetail/97096e8b-2b90-4291-870d-4c1c22d8486b/
2024 GMC Terrain AT4,New,"$39,765",https://www.cars.com//vehicledetail/1068a284-32e7-4b78-9053-51f640b4161f/
2024 GMC Terrain SLT,New,"$39,865",https://www.cars.com//vehicledetail/be8fdbc7-5f44-4716-80ab-5c48dc7cc0b7/
2024 GMC HUMMER EV 3X,New,"$111,290",https://www.cars.com//vehicledetail/0b861c2a-4bfa-4396-b48b-bd87eb31d08e/
2022 Chrysler Pacifica Touring-L,Used,"$27,987",https://www.cars.com//vehicledetail/a33fc8d9-9e3d-40b7-a4c9-3188fbe7ea72/
2023 Ford Mustang Mach-E GT,New,Not Priced,https://www.cars.com//vehicledetail/c76cb060-bdd4-4537-8ee1-fad0d39fc6e6/
2021 BMW 530 i,Used,"$32,987",https://www.cars.com//vehicledetail/e0347907-ba63-42ff-a5b7-1ac5b8a7e8ef/
2023 Chevrolet Trailblazer RS,Used,"$27,987",https://www.cars.com//vehicledetail/27fecf91-0299-4df4-a65f-30a5c60e95ee/
2001 Dodge Dakota SLT,Used,"$15,000",https://www.cars.com//vehicledetail/ecf42bac-ad78-4f9a-9b59-d608dc6e4608/
2019 BMW X5 xDrive40i,Used,"$29,000",https://www.cars.com//vehicledetail/40b9ad21-19b2-4c50-a897-dcf644de9f70/
2024 Chevrolet Trailblazer LT,New,"$26,605",https://www.cars.com//vehicledetail/33778fe1-1a00-42bc-a870-091784aebcd0/
2024 Chevrolet Trailblazer LT,New,"$28,695",https://www.cars.com//vehicledetail/b0e6a91d-65da-4c28-a4b9-c5a27707b6cd/
2024 Chevrolet Trailblazer ACTIV,New,"$31,700",https://www.cars.com//vehicledetail/21e91af8-966a-400d-a2f9-98f8e6028204/
2024 Chevrolet Trailblazer ACTIV,New,"$31,700",https://www.cars.com//vehicledetail/6c4bb5bd-ef14-4ab8-ab8f-d49004e0d4e3/
2024 Chevrolet Trailblazer RS,New,"$29,010",https://www.cars.com//vehicledetail/15b7d9fa-f6b1-49b6-bef1-3c17cc972d20/
2024 GMC Canyon AT4X,New,"$57,890",https://www.cars.com//vehicledetail/4cb4b390-1cff-494a-94a6-d5da023f53ee/
2014 Chevrolet Suburban 1500 LT,Used,"$14,500",https://www.cars.com//vehicledetail/87e575eb-25b9-4c2c-94b7-a8ba4933137d/
2024 Chevrolet Trailblazer ACTIV,New,"$29,010",https://www.cars.com//vehicledetail/ec20af11-5cae-44f1-be03-3fb43bb0fd52/
2023 Chevrolet Suburban Premier,Used,"$59,995",https://www.cars.com//vehicledetail/690e5e5a-eb3b-4830-85af-fabe5ebb8d0c/
2024 Chevrolet Blazer 2LT,New,"$40,720",https://www.cars.com//vehicledetail/daea4288-da2e-47df-9a99-3c13b9e11b6a/
2024 GMC Terrain SLT,New,"$41,555",https://www.cars.com//vehicledetail/97096e8b-2b90-4291-870d-4c1c22d8486b/
2024 GMC Terrain AT4,New,"$39,765",https://www.cars.com//vehicledetail/1068a284-32e7-4b78-9053-51f640b4161f/
2024 GMC Terrain SLT,New,"$39,865",https://www.cars.com//vehicledetail/be8fdbc7-5f44-4716-80ab-5c48dc7cc0b7/
2024 GMC HUMMER EV 3X,New,"$111,290",https://www.cars.com//vehicledetail/0b861c2a-4bfa-4396-b48b-bd87eb31d08e/
2022 Chrysler Pacifica Touring-L,Used,"$27,987",https://www.cars.com//vehicledetail/a33fc8d9-9e3d-40b7-a4c9-3188fbe7ea72/
2023 Ford Mustang Mach-E GT,New,Not Priced,https://www.cars.com//vehicledetail/c76cb060-bdd4-4537-8ee1-fad0d39fc6e6/
2021 BMW 530 i,Used,"$32,987",https://www.cars.com//vehicledetail/e0347907-ba63-42ff-a5b7-1ac5b8a7e8ef/
2023 Chevrolet Trailblazer RS,Used,"$27,987",https://www.cars.com//vehicledetail/27fecf91-0299-4df4-a65f-30a5c60e95ee/
2001 Dodge Dakota SLT,Used,"$15,000",https://www.cars.com//vehicledetail/ecf42bac-ad78-4f9a-9b59-d608dc6e4608/
2019 BMW X5 xDrive40i,Used,"$29,000",https://www.cars.com//vehicledetail/40b9ad21-19b2-4c50-a897-dcf644de9f70/
2024 Chevrolet Trailblazer LT,New,"$26,605",https://www.cars.com//vehicledetail/33778fe1-1a00-42bc-a870-091784aebcd0/
2024 Chevrolet Trailblazer LT,New,"$28,695",https://www.cars.com//vehicledetail/b0e6a91d-65da-4c28-a4b9-c5a27707b6cd/
2024 Chevrolet Trailblazer ACTIV,New,"$31,700",https://www.cars.com//vehicledetail/21e91af8-966a-400d-a2f9-98f8e6028204/
2024 Chevrolet Trailblazer ACTIV,New,"$31,700",https://www.cars.com//vehicledetail/6c4bb5bd-ef14-4ab8-ab8f-d49004e0d4e3/
2024 Chevrolet Trailblazer RS,New,"$29,010",https://www.cars.com//vehicledetail/15b7d9fa-f6b1-49b6-bef1-3c17cc972d20/
2024 GMC Canyon AT4X,New,"$57,890",https://www.cars.com//vehicledetail/4cb4b390-1cff-494a-94a6-d5da023f53ee/
2014 Chevrolet Suburban 1500 LT,Used,"$14,500",https://www.cars.com//vehicledetail/87e575eb-25b9-4c2c-94b7-a8ba4933137d/
2024 Chevrolet Trailblazer ACTIV,New,"$29,010",https://www.cars.com//vehicledetail/ec20af11-5cae-44f1-be03-3fb43bb0fd52/
2023 Chevrolet Suburban Premier,Used,"$59,995",https://www.cars.com//vehicledetail/690e5e5a-eb3b-4830-85af-fabe5ebb8d0c/
2024 Chevrolet Blazer 2LT,New,"$40,720",https://www.cars.com//vehicledetail/daea4288-da2e-47df-9a99-3c13b9e11b6a/
2024 GMC Terrain SLT,New,"$41,555",https://www.cars.com//vehicledetail/97096e8b-2b90-4291-870d-4c1c22d8486b/
2024 GMC Terrain AT4,New,"$39,765",https://www.cars.com//vehicledetail/1068a284-32e7-4b78-9053-51f640b4161f/
2024 GMC Terrain SLT,New,"$39,865",https://www.cars.com//vehicledetail/be8fdbc7-5f44-4716-80ab-5c48dc7cc0b7/
2024 GMC HUMMER EV 3X,New,"$111,290",https://www.cars.com//vehicledetail/0b861c2a-4bfa-4396-b48b-bd87eb31d08e/
2022 Chrysler Pacifica Touring-L,Used,"$27,987",https://www.cars.com//vehicledetail/a33fc8d9-9e3d-40b7-a4c9-3188fbe7ea72/
2023 Ford Mustang Mach-E GT,New,Not Priced,https://www.cars.com//vehicledetail/c76cb060-bdd4-4537-8ee1-fad0d39fc6e6/
2021 BMW 530 i,Used,"$32,987",https://www.cars.com//vehicledetail/e0347907-ba63-42ff-a5b7-1ac5b8a7e8ef/
2023 Chevrolet Trailblazer RS,Used,"$27,987",https://www.cars.com//vehicledetail/27fecf91-0299-4df4-a65f-30a5c60e95ee/
2001 Dodge Dakota SLT,Used,"$15,000",https://www.cars.com//vehicledetail/ecf42bac-ad78-4f9a-9b59-d608dc6e4608/
